Albert Quay,BIKE001,BIKE002,BIKE003,BIKE004,BIKE005,BIKE006,BIKE007,BIKE008,BIKE009,BIKE010,BIKE011,BIKE012,BIKE013,BIKE014,BIKE015
Farrens Quay,BIKE016,BIKE017,BIKE018,BIKE019,BIKE020,BIKE021,BIKE022,BIKE023,BIKE024,BIKE025,BIKE026,BIKE027,BIKE028,BIKE029,BIKE030
Grand Parade,BIKE031,BIKE032,BIKE033,BIKE034,BIKE035,BIKE036,BIKE037,BIKE038,BIKE039,BIKE040,BIKE041,BIKE042,BIKE043,BIKE044,BIKE045
Grafton Street,BIKE046,BIKE047,BIKE048,BIKE049,BIKE050,BIKE051,BIKE052,BIKE053,BIKE054,BIKE055,BIKE056,BIKE057,BIKE058,BIKE059,BIKE060
Hanover Street,BIKE061,BIKE062,BIKE063,BIKE064,BIKE065,BIKE066,BIKE067,BIKE068,BIKE069,BIKE070,BIKE071,BIKE072,BIKE073,BIKE074,BIKE075
Kennedy Quay,BIKE076,BIKE077,BIKE078,BIKE079,BIKE080,BIKE081,BIKE082,BIKE083,BIKE084,BIKE085,BIKE086,BIKE087,BIKE088,BIKE089,BIKE090
Merchants Quay,BIKE091,BIKE092,BIKE093,BIKE094,BIKE095,BIKE096,BIKE097,BIKE098,BIKE099,BIKE100,BIKE101,BIKE102,BIKE103,BIKE104,BIKE105
Morrisons Quay,BIKE106,BIKE107,BIKE108,BIKE109,BIKE110,BIKE111,BIKE112,BIKE113,BIKE114,BIKE115,BIKE116,BIKE117,BIKE118,BIKE119,BIKE120
North Main Street,BIKE121,BIKE122,BIKE123,BIKE124,BIKE125,BIKE126,BIKE127,BIKE128,BIKE129,BIKE130,BIKE131,BIKE132,BIKE133,BIKE134,BIKE135
Oliver Plunkett St,BIKE136,BIKE137,BIKE138,BIKE139,BIKE140,BIKE141,BIKE142,BIKE143,BIKE144,BIKE145,BIKE146,BIKE147,BIKE148,BIKE149,BIKE150
Parnell Place,BIKE151,BIKE152,BIKE153,BIKE154,BIKE155,BIKE156,BIKE157,BIKE158,BIKE159,BIKE160,BIKE161,BIKE162,BIKE163,BIKE164,BIKE165
Pine Street,BIKE166,BIKE167,BIKE168,BIKE169,BIKE170,BIKE171,BIKE172,BIKE173,BIKE174,BIKE175,BIKE176,BIKE177,BIKE178,BIKE179,BIKE180
Popes Quay,BIKE181,BIKE182,BIKE183,BIKE184,BIKE185,BIKE186,BIKE187,BIKE188,BIKE189,BIKE190,BIKE191,BIKE192,BIKE193,BIKE194,BIKE195
South Main Street,BIKE196,BIKE197,BIKE198,BIKE199,BIKE200,BIKE201,BIKE202,BIKE203,BIKE204,BIKE205,BIKE206,BIKE207,BIKE208,BIKE209,BIKE210
South Mall,BIKE211,BIKE212,BIKE213,BIKE214,BIKE215,BIKE216,BIKE217,BIKE218,BIKE219,BIKE220,BIKE221,BIKE222,BIKE223,BIKE224,BIKE225
St Patricks Street,BIKE226,BIKE227,BIKE228,BIKE229,BIKE230,BIKE231,BIKE232,BIKE233,BIKE234,BIKE235,BIKE236,BIKE237,BIKE238,BIKE239,BIKE240
Sullivans Quay,BIKE241,BIKE242,BIKE243,BIKE244,BIKE245,BIKE246,BIKE247,BIKE248,BIKE249,BIKE250,BIKE251,BIKE252,BIKE253,BIKE254,BIKE255
Union Quay,BIKE256,BIKE257,BIKE258,BIKE259,BIKE260,BIKE261,BIKE262,BIKE263,BIKE264,BIKE265,BIKE266,BIKE267,BIKE268,BIKE269,BIKE270
Washington Street,BIKE271,BIKE272,BIKE273,BIKE274,BIKE275,BIKE276,BIKE277,BIKE278,BIKE279,BIKE280,BIKE281,BIKE282,BIKE283,BIKE284,BIKE285
Wellington Road,BIKE286,BIKE287,BIKE288,BIKE289,BIKE290,BIKE291,BIKE292,BIKE293,BIKE294,BIKE295,BIKE296,BIKE297,BIKE298,BIKE299,BIKE300
